{
  "project_info": {
    "project_number": "659190036027",
    "firebase_url": "https://kima-30865.firebaseio.com",
    "project_id": "kima-30865",
    "storage_bucket": "kima-30865.appspot.com"
  },
  "client": [
    {
      "client_info": {
        "mobilesdk_app_id": "1:659190036027:android:d9eb136240e018cd7e0e1e",
        "android_client_info": {
          "package_name": "com.example.kima"
        }
      },
      "oauth_client": [
        {
          "client_id": "659190036027-ipjue9u2e9i7k0a1p2jk7rq5h3ta4k9b.apps.googleusercontent.com",
          "client_type": 3
        }
      ],
      "api_key": [
        {
          "current_key": "AIzaSyCk4qGkNDfcsW-naIDEbN9TnniVcOMmGHQ"
        }
      ],
      "services": {
        "appinvite_service": {
          "other_platform_oauth_client": [
            {
              "client_id": "659190036027-ipjue9u2e9i7k0a1p2jk7rq5h3ta4k9b.apps.googleusercontent.com",
              "client_type": 3
            }
          ]
        }
      }
    }
  ],
  "configuration_version": "1"
}